<?xml version="1.0" encoding="UTF-8"?>
<beans:beans xmlns="http://www.springframework.org/schema/mvc"
	xmlns:xsi="http://www.w3.org/2001/XMLSchema-instance"
	xmlns:beans="http://www.springframework.org/schema/beans"
	xmlns:context="http://www.springframework.org/schema/context"
	xmlns:p="http://www.springframework.org/schema/p"
	xsi:schemaLocation="http://www.springframework.org/schema/mvc https://www.springframework.org/schema/mvc/spring-mvc.xsd
		http://www.springframework.org/schema/beans https://www.springframework.org/schema/beans/spring-beans.xsd
		http://www.springframework.org/schema/context https://www.springframework.org/schema/context/spring-context.xsd">

	<!-- DispatcherServlet Context: defines this servlet's request-processing infrastructure -->
	
	<!-- Enables the Spring MVC @Controller programming model -->
	<annotation-driven /> 

	<!-- Handles HTTP GET requests for /resources/** by efficiently serving up static resources in the ${webappRoot}/resources directory -->
	<resources mapping="/resources/**" location="/resources/" />


	<context:component-scan base-package="kr.spring.member.controller" />
	<context:component-scan base-package="kr.spring.board.controller" />
	
	<!-- 메시지 처리 -->
	<beans:bean id="messageSource" class="org.springframework.context.support.ResourceBundleMessageSource">
		<beans:property name="basenames">
			<beans:list>
				<beans:value>messages.validation</beans:value>
			</beans:list>
		</beans:property>
	</beans:bean>
	
	<beans:bean id="tilesConfigurer"
	  class="org.springframework.web.servlet.view.tiles3.TilesConfigurer">
		<beans:property name="definitions">
			<beans:list>
				<beans:value>/WEB-INF/tiles-def/main.xml</beans:value>
				<beans:value>/WEB-INF/tiles-def/member.xml</beans:value>
				<beans:value>/WEB-INF/tiles-def/board.xml</beans:value>
			</beans:list>
		</beans:property>
	</beans:bean>
	
	<beans:bean id="viewResolver"
	  class="org.springframework.web.servlet.view.UrlBasedViewResolver">
		<beans:property name="viewClass" 
		  value="org.springframework.web.servlet.view.tiles3.TilesView"/>
		<beans:property name="order" value="1"/>
	</beans:bean>
	
	<!-- 파일 다운로드 및 이미지 표시 -->
	<beans:bean class="org.springframework.web.servlet.view.BeanNameViewResolver"
	p:order="0"/>
	
	
	<!-- 데이터 작업 없이 뷰 호출 - 메인 페이지 : tiles-def/main.xml에서 "main"으로 definition된 속성을 불러옴  -->
	<view-controller path="/main/main.do" view-name="main"/>
	
	<!-- 로그인 여부 체크 -->
	<interceptors>
		<interceptor>
			<mapping path="/member/detail.do"/>
			<mapping path="/member/update.do"/>
			<mapping path="/member/delete.do"/>
			<mapping path="/member/changePassword.do"/>
			<mapping path="/board/write.do"/>
			<mapping path="/board/update.do"/>
			<mapping path="/board/delete.do"/>
			<beans:bean class="kr.spring.interceptor.LoginCheckInterceptor"/>
		</interceptor>
		<interceptor>
			<mapping path="/board/update.do"/>
			<mapping path="/board/delete.do"/>
			<beans:bean class="kr.spring.interceptor.WriterCheckInterceptor"/>
		</interceptor>
	</interceptors>

	<!-- 파일 업로드 -->
	<beans:bean id="multipartResolver" class="org.springframework.web.multipart.commons.CommonsMultipartResolver">
		<beans:property name="maxUploadSize" value="52428800"/>
		<beans:property name="defaultEncoding" value="UTF-8"/>
	</beans:bean>
	
	<!-- 파일 다운로드 처리 -->
	<beans:bean id="downloadView" class="kr.spring.view.DownloadView"/>
	<!-- BLOB타입 이미지 표시 -->
	<beans:bean id="imageView" class="kr.spring.view.ImageView"/>
	
</beans:beans>
